location_name	top_category	latitude	longitude
Smokers Choice	Other Miscellaneous Store Retailers	43.114225	-75.20857
East Side Glass & Mirror	Automotive Repair and Maintenance	43.10233	-75.223225
Mozdzen Auto	Automobile Dealers	43.095711	-75.210896
St Peters School	Religious Organizations	43.116679	-75.209117
Buddha Dama Thuka Temple	Religious Organizations	43.08871	-75.248888
Cars Collision	Automotive Repair and Maintenance	43.102216	-75.222728
Utica Brews Internet Cafe	Restaurants and Other Eating Places	43.10206	-75.245323
Skermonts Auto	Automotive Repair and Maintenance	43.094186	-75.205057
Marr Logg House	Restaurants and Other Eating Places	43.082541	-75.204619
Autoland Rental Cars	Used Merchandise Stores	43.094109	-75.228006
Beijing House	Restaurants and Other Eating Places	43.093335	-75.248672
El Canelo	Restaurants and Other Eating Places	43.086545	-75.259858
Triangle Coffee Shop	Restaurants and Other Eating Places	43.100407	-75.233662
Christian Assembly Of Schuyler	Religious Organizations	43.138386	-75.194831
Slice Pizzeria	Restaurants and Other Eating Places	43.086372	-75.261328
Jo Mar Beauty Salon	Personal Care Services	43.087143	-75.219192
Lowe's	Building Material and Supplies Dealers	43.126098	-75.224338
Saranac Brewery Matt Brewing Co	Beverage Manufacturing	43.104526	-75.245806
Oneida Center For Rehabilitation And Nursing	Nursing Care Facilities (Skilled Nursing Facilities)	43.093128	-75.241417
Sherwin-Williams	Building Material and Supplies Dealers	43.088	-75.260484
Utica Hydra Matic Service	Automotive Repair and Maintenance	43.098838	-75.224804
First Nursery School Of Utica	Child Day Care Services	43.091393	-75.250384
Sunny Side Up Cafe	Restaurants and Other Eating Places	43.094052	-75.203118
The Grand Rehabilitation And Nursing At Utica	Nursing Care Facilities (Skilled Nursing Facilities)	43.090256	-75.257138
Sunoco	Gasoline Stations	43.093074	-75.247703
JP3 Performance Studio	Other Amusement and Recreation Industries	43.101555	-75.230074
Enterprise Rent-A-Car	Automotive Equipment Rental and Leasing	43.104588	-75.236159
The Patio Drive In	Restaurants and Other Eating Places	43.109115	-75.251014
Pizza Classic	Restaurants and Other Eating Places	43.10203	-75.230732
Uptown Theatre for Creative Arts	Motion Picture and Video Industries	43.086565	-75.262136
Sunoco	Gasoline Stations	43.088458	-75.223123
Bass Pro Shops	Sporting Goods, Hobby, and Musical Instrument Stores	43.125236	-75.225889
St Vladimir Ukrainian Catholic Church	Religious Organizations	43.098125	-75.238672
Supercuts	Personal Care Services	43.08528	-75.281943
US Care Systems	Home Health Care Services	43.078944	-75.277405
Subway	Restaurants and Other Eating Places	43.080907	-75.20672
Baggs Square Brewing Co	Beverage Manufacturing	43.103313	-75.223324
Walgreens	Health and Personal Care Stores	43.089567	-75.222004
Strosberg Wm	Furniture Stores	43.097979	-75.216146
St John's Catholic Church Rectory Historic	Religious Organizations	43.100369	-75.22788
Curves	Other Amusement and Recreation Industries	43.126422	-75.236597
Asbury United Methodist Church	Religious Organizations	43.091457	-75.212223
BGM Supply	Building Material and Supplies Dealers	43.089553	-75.225735
Orderit Alcohol Delivery	Specialty Food Stores	43.104566	-75.241929
Focal Point Optical	Health and Personal Care Stores	43.077571	-75.281103
Auto Dimensions Plus	Automotive Repair and Maintenance	43.092269	-75.196703
United Church Nursery School	Religious Organizations	43.096684	-75.242421
New York State	General Medical and Surgical Hospitals	43.100228	-75.260642
Parkway East	Museums, Historical Sites, and Similar Institutions	43.076	-75.210263
BJ's Wholesale Club	General Merchandise Stores, including Warehouse Clubs and Supercenters	43.126611	-75.22254
Club Comacho's Sports	Amusement Parks and Arcades	43.103099	-75.241471
Number 1 Chinese Restaurant	Restaurants and Other Eating Places	43.091211	-75.222768
Vision To Plant Foundation	Religious Organizations	43.088991	-75.252283
Utica Cutlery Company	Home Furnishings Stores	43.097819	-75.249275
Lansing Body Works	Automotive Repair and Maintenance	43.090996	-75.205377
Burlington	Clothing Stores	43.12701	-75.223765
George's Precision Auto Body	Automotive Repair and Maintenance	43.111932	-75.267605
Panda House	Restaurants and Other Eating Places	43.100169	-75.234399
Arby's	Restaurants and Other Eating Places	43.087408	-75.258617
Kookie's Q &amp Creamery	Restaurants and Other Eating Places	43.107043	-75.222837
Speedway	Gasoline Stations	43.108879	-75.219068
Broad Street Cash & Carry	Grocery Stores	43.100376	-75.21411
Metro by T Mobile Authorized Dealer	Electronics and Appliance Stores	43.091348	-75.222693
Boneyard BBQ's	Restaurants and Other Eating Places	43.083365	-75.277484
Fancy Nails	Personal Care Services	43.11426	-75.208754
St Elizabeth Medical Center	General Medical and Surgical Hospitals	43.081927	-75.266761
Tucci Maria Beautcn	Personal Care Services	43.079158	-75.277037
Hannaford Plaza	Lessors of Real Estate	43.091417	-75.223706
Affordable Furniture	Furniture Stores	43.099246	-75.247192
The Cutting Edge Salon	Personal Care Services	43.099734	-75.152476
Rite Aid	Health and Personal Care Stores	43.087517	-75.26079
Heritage Health Care Center	Nursing Care Facilities (Skilled Nursing Facilities)	43.090487	-75.256683
Burmese Muslim Association Of Utica Inc	Religious Organizations	43.092421	-75.228197
Scoops and Sandwiches	Restaurants and Other Eating Places	43.096252	-75.241378
New School For Social Research	Consumer Goods Rental	43.10016	-75.260036
Southside Auto Repair	Automotive Repair and Maintenance	43.109351	-75.261462
St John's Episcopal Church	Religious Organizations	43.101025	-75.227423
Cashion's Collision	Automotive Repair and Maintenance	43.093634	-75.259193
Utica Lincoln Garage	Automotive Repair and Maintenance	43.093625	-75.259192
Upstate Cerebral Palsy	Child Day Care Services	43.077111	-75.264698
Speedway	Gasoline Stations	43.077102	-75.279825
Noyes Street Alignment and Brake	Gasoline Stations	43.096828	-75.249096
Lenox Cafe	Restaurants and Other Eating Places	43.098886	-75.253476
Swifty's Restaurant & Pub	Restaurants and Other Eating Places	43.099168	-75.235106
Citi Trends	Department Stores	43.089608	-75.221183
Hannaford Food And Drug	Health and Personal Care Stores	43.090311	-75.224639
Parkway Drugs	Health and Personal Care Stores	43.081236	-75.205712
Union Station	Museums, Historical Sites, and Similar Institutions	43.104185	-75.223212
Turning Point Church	Religious Organizations	43.103348	-75.23675
Stage Music	Sporting Goods, Hobby, and Musical Instrument Stores	43.107716	-75.244277
Colette M Griffith LMT	Personal Care Services	43.085012	-75.265399
Karen's Groom Room	Other Miscellaneous Store Retailers	43.126089	-75.236002
Phu Quoc	Restaurants and Other Eating Places	43.098859	-75.21898
Mohawk Valley Central Patient Scheduling	General Medical and Surgical Hospitals	43.090874	-75.257925
Flooring America	Home Furnishings Stores	43.112034	-75.259975
Carbone Collision Center	Automobile Dealers	43.139253	-75.214819
Hampton	Traveler Accommodation	43.108878	-75.216594
Collinite Cheml Co	Other Miscellaneous Store Retailers	43.095923	-75.253166
Herrera Sabor Latino	Restaurants and Other Eating Places	43.100738	-75.22508
Rutger Restaurant	Restaurants and Other Eating Places	43.089083	-75.204602
Mobile Mini	Lessors of Real Estate	43.1131	-75.266013
Ferris R & Sons	Grocery Stores	43.106493	-75.216459
Simmer	Restaurants and Other Eating Places	43.093007	-75.224192
O'Scugnizzo Pizzeria	Restaurants and Other Eating Places	43.098783	-75.220392
Faxton St Luke's Healthcare	General Medical and Surgical Hospitals	43.097058	-75.277922
Insight House Chemical Dependency Services	Nursing Care Facilities (Skilled Nursing Facilities)	43.106065	-75.23599
Black Rice Sushi & Thai	Restaurants and Other Eating Places	43.098667	-75.21826
Bare Naked Furniture	Office Supplies, Stationery, and Gift Stores	43.100746	-75.155433
A Taste Of Laos	Restaurants and Other Eating Places	43.099779	-75.233179
Larry's Auto Repair	Automotive Repair and Maintenance	43.162412	-75.210868
Domino's Pizza	Restaurants and Other Eating Places	43.085106	-75.286837
Colortyme	Consumer Goods Rental	43.099289	-75.247227
Tractor Supply Co.	Building Material and Supplies Dealers	43.128133	-75.222992
Bagel Grove	Restaurants and Other Eating Places	43.089873	-75.257936
Moe'S Plaza	Lessors of Real Estate	43.107212	-75.220658
Puff N Stuff	Other Miscellaneous Store Retailers	43.096149	-75.241485
Lukins Brick Oven Pizza	Restaurants and Other Eating Places	43.104013	-75.242766
St Peter & Paul Ukrainian Orthodox Church	Religious Organizations	43.104363	-75.243617
Pho Mekong House of Noodles	Restaurants and Other Eating Places	43.099718	-75.227167
Hope Chapel A M E Zion Church	Religious Organizations	43.091452	-75.217644
Europa Restaurant	Restaurants and Other Eating Places	43.095367	-75.215544
Pixley Park	Museums, Historical Sites, and Similar Institutions	43.10183	-75.26358
Trulli Di Turi	Restaurants and Other Eating Places	43.115713	-75.209808
Smith Market	Restaurants and Other Eating Places	43.10315	-75.222524
Joseph Putrello Barista Coffee Bar	Restaurants and Other Eating Places	43.099304	-75.236196
A Dogs Day Out	Other Personal Services	43.126311	-75.23661
Price Chopper New England	Grocery Stores	43.113958	-75.207812
Utica Pharmacy	Health and Personal Care Stores	43.08777	-75.259876
St Francis Desales Catholic Church	Religious Organizations	43.095798	-75.238041
AMF	Other Amusement and Recreation Industries	43.088761	-75.257826
North Utica Senior Citizens Recreation Center Inc	Child Day Care Services	43.118242	-75.213692
Automatio Experts	Automotive Repair and Maintenance	43.09247	-75.183497
Tramontane Cafe	Restaurants and Other Eating Places	43.100105	-75.242145
Munson Williams Proctor Arts Institute	Other Miscellaneous Store Retailers	43.097588	-75.240202
Cabela's	Sporting Goods, Hobby, and Musical Instrument Stores	43.128538	-75.227302
S & R Custom Motorcycle Parts	Other Motor Vehicle Dealers	43.097032	-75.246719
Adirondack Distilling Company	Beer, Wine, and Liquor Stores	43.104114	-75.24145
Napoli's Italian Bakery	Restaurants and Other Eating Places	43.092155	-75.196847
Utica City Parking Garage	Other Personal Services	43.112345	-75.214751
Mohawk Deli & Grill	Restaurants and Other Eating Places	43.089089	-75.223295
Jweid Albert	Grocery Stores	43.098606	-75.227762
Serendipity Hair Salon & Boutique	Personal Care Services	43.090743	-75.215696
The Rut	Personal Care Services	43.104339	-75.269875
Carbone Pontiac At Hornell	Automobile Dealers	43.136912	-75.217606
Inkorporated Tattoo Studio	Personal Care Services	43.102165	-75.22549
CITGO	Gasoline Stations	43.116307	-75.211522
Pathway of PEARLS	Other Miscellaneous Store Retailers	43.099778	-75.152411
Alpine Restaurant	Restaurants and Other Eating Places	43.096843	-75.216389
Craylee's	Restaurants and Other Eating Places	43.10141	-75.227447
The Hub Eatery	Restaurants and Other Eating Places	43.101361	-75.228397
Big O Bakery	Bakeries and Tortilla Manufacturing	43.097578	-75.214903
KFC	Restaurants and Other Eating Places	43.10841	-75.21943
Mojoz	Bakeries and Tortilla Manufacturing	43.080467	-75.207113
Kernan Park	Museums, Historical Sites, and Similar Institutions	43.088989	-75.20764
Bazar Grill & Lounge	Restaurants and Other Eating Places	43.095439	-75.222754
Medino's Restaurant	Restaurants and Other Eating Places	43.095332	-75.215471
All Saints Episcopal Church	Religious Organizations	43.089295	-75.248459
K & K Train & Hobby	Sporting Goods, Hobby, and Musical Instrument Stores	43.08602	-75.279684
Payne's Temple Church of God In Christ	Religious Organizations	43.097797	-75.228352
BMP Autoworx	Automotive Repair and Maintenance	43.107567	-75.24376
PriceRite	Grocery Stores	43.099612	-75.220525
Deliverance First Ministries Church Of The Living God	Religious Organizations	43.101602	-75.245305
In Tune Automotive	Automotive Repair and Maintenance	43.103171	-75.246493
Sherry Spa	Other Personal Services	43.117644	-75.210085
Shop and Go	Grocery Stores	43.097234	-75.215079
Golden's	Restaurants and Other Eating Places	43.100414	-75.233668
Fort Schuyler Trading Co	Used Merchandise Stores	43.114241	-75.208946
Monopoli Michael	Automotive Repair and Maintenance	43.095074	-75.242473
Cycle Motive	Other Motor Vehicle Dealers	43.092318	-75.182335
St Mary of Mount Carmel Church	Religious Organizations	43.099839	-75.218031
Trinity Lutheran Church	Religious Organizations	43.078843	-75.278252
Minit Car Wash	Automotive Repair and Maintenance	43.087216	-75.254719
Chophouse by Chesterfield	Restaurants and Other Eating Places	43.1026	-75.230708
Duda Woodworking & Chair Hospital	Used Merchandise Stores	43.105572	-75.241062
Peter Spencer Uame Church	Religious Organizations	43.09642	-75.22085
Colino Daniel F	Health and Personal Care Stores	43.115774	-75.208521
Bella Regina	Restaurants and Other Eating Places	43.100096	-75.233395
Sports Unlimited	Other Motor Vehicle Dealers	43.13508	-75.218923
Southside Automotive	Automobile Dealers	43.109341	-75.261443
Maugeri's Auto Body	Automotive Repair and Maintenance	43.104954	-75.237735
Papito Barbershop	Personal Care Services	43.098259	-75.218352
Stanley Restaurant	Restaurants and Other Eating Places	43.102332	-75.242032
Fastrac	Gasoline Stations	43.08823	-75.259405
Krispy Krunchy Chicken	Restaurants and Other Eating Places	43.095182	-75.242484
Clean Car Auto Sales & Detailing	Automotive Repair and Maintenance	43.099041	-75.210754
Rite Aid Plaza	Lessors of Real Estate	43.089543	-75.222216
Roscoe Conkling Park	Museums, Historical Sites, and Similar Institutions	43.082736	-75.250638
Harbor Point Minerals	Office Supplies, Stationery, and Gift Stores	43.106791	-75.215513
Troya Motor Cars	Automobile Dealers	43.18189	-75.183493
Don's Ford	Automobile Dealers	43.137838	-75.216058
American Fireworks Display	Miscellaneous Durable Goods Merchant Wholesalers	43.096819	-75.217415
Mohawk Valley Network	General Medical and Surgical Hospitals	43.089398	-75.214578
Memorial Parkway	Museums, Historical Sites, and Similar Institutions	43.084881	-75.245922
American Bh Islamic Center Of Utica Inc	Religious Organizations	43.096657	-75.210636
Tabernacle Of Praise Ministries Church Of The Living God Inc	Religious Organizations	43.109123	-75.261636
Quick Change Inc	Automotive Repair and Maintenance	43.093814	-75.225485
Roll Corporation Supermarket	Grocery Stores	43.088968	-75.234845
Utica Coffee Roasting	Restaurants and Other Eating Places	43.103445	-75.227632
Seventh Day Adventist Church	Religious Organizations	43.110419	-75.184327
Peters Glass	Automotive Repair and Maintenance	43.096768	-75.221924
CNYHHN Inc	Home Health Care Services	43.0925	-75.207902
St Joseph & St Patrick Church	Religious Organizations	43.104994	-75.241587
First Presbyterian Church	Religious Organizations	43.091377	-75.250231
Lavoda Home Furniture	Furniture Stores	43.098753	-75.208675
Mohawk Valley Imaging PC	General Medical and Surgical Hospitals	43.081992	-75.265836
Ramon's Bakery	Restaurants and Other Eating Places	43.080415	-75.207279
Subway	Restaurants and Other Eating Places	43.092047	-75.222262
Nepali Calvary Harvest Church International Inc	Religious Organizations	43.093756	-75.230121
Five Guys	Restaurants and Other Eating Places	43.128523	-75.224614
Sunny Restaurant Asian Cuisine	Restaurants and Other Eating Places	43.096983	-75.216914
Joey's Pizzeria	Restaurants and Other Eating Places	43.084832	-75.235915
Eagle Express Smoke Shop	Other Miscellaneous Store Retailers	43.086518	-75.218705
Trivieri's Auto Svce	Automotive Repair and Maintenance	43.091313	-75.225603
Hoopla Frozen Yogurt	Restaurants and Other Eating Places	43.107208	-75.220559
First Baptist Church of Utica	Religious Organizations	43.114248	-75.20188
Chesterfield Restaurant	Restaurants and Other Eating Places	43.093028	-75.199936
Lifecoach Communications Inc	Religious Organizations	43.078209	-75.273436
Palermo Pizzeria	Restaurants and Other Eating Places	43.095519	-75.242809
Upstate Cerebral Palsy Inc New Discoveries Learning Center	Child Day Care Services	43.079768	-75.211005
Tabernacle Baptist Church	Religious Organizations	43.09846	-75.234692
GameStop	Sporting Goods, Hobby, and Musical Instrument Stores	43.128538	-75.224555
First Baptist Church	Religious Organizations	43.114239	-75.201895
Bargain Price Auto Glass	Automotive Repair and Maintenance	43.101172	-75.232523
Mavis Discount Tire	Automotive Repair and Maintenance	43.111126	-75.256075
Davi Nails	Personal Care Services	43.12856	-75.227295
Ezra's Energy	Office Supplies, Stationery, and Gift Stores	43.10257	-75.22979
Classy Cakes	Bakeries and Tortilla Manufacturing	43.126183	-75.235942
Mi Casa Restaurant	Restaurants and Other Eating Places	43.095285	-75.243158
Dino's Sausage	Grocery Stores	43.099236	-75.216096
Court Street Children's Center	Child Day Care Services	43.100735	-75.238145
J & L Auto Svce	Automotive Repair and Maintenance	43.108802	-75.268484
Holiday Inn Express	Traveler Accommodation	43.10959	-75.221463
Sweet Escape Chocolate Lounge	Specialty Food Stores	43.097137	-75.241027
Atlas	Gasoline Stations	43.094303	-75.219707
Oneida Square Gun Shop	Personal Care Services	43.096216	-75.240339
Iglesia Unificando Corazones Contrictos Pentecostal Church	Religious Organizations	43.108824	-75.25738
American Red Cross	Other Ambulatory Health Care Services	43.094318	-75.244786
Dunkin'	Restaurants and Other Eating Places	43.107842	-75.219935
Holy Trinity Cath Church	Religious Organizations	43.099453	-75.244915
K 9 Obedience Training	Other Personal Services	43.109009	-75.10086
Ruznic Market & Restaurant	Restaurants and Other Eating Places	43.094171	-75.214662
R S Auto Sales	Automobile Dealers	43.109089	-75.248928
Cavo Builders' Supplies	Building Material and Supplies Dealers	43.089527	-75.210899
Upstate Empire Fitness	Other Amusement and Recreation Industries	43.104591	-75.269576
St Joseph Nursing Home	Nursing Care Facilities (Skilled Nursing Facilities)	43.079463	-75.274183
Metro by T Mobile Authorized Dealer	Electronics and Appliance Stores	43.086639	-75.261854
Luna Mexican Bar and Grill	Restaurants and Other Eating Places	43.103837	-75.243245
Dunkin'	Restaurants and Other Eating Places	43.096161	-75.24285
Mavis Discount Tire	Automotive Repair and Maintenance	43.086437	-75.262566
Dominican Barber Shop	Personal Care Services	43.098286	-75.217329
Castlewood Cafe	Restaurants and Other Eating Places	43.104299	-75.27011
Steuben Park	Museums, Historical Sites, and Similar Institutions	43.098224	-75.231843
St Basils Melkite Catholic Church	Religious Organizations	43.081494	-75.222577
Joey's Auto Detail Shop	Automotive Repair and Maintenance	43.110244	-75.259349
Finger Bullet	Restaurants and Other Eating Places	43.091504	-75.259515
Cafe Domenico	Restaurants and Other Eating Places	43.086101	-75.261734
Dari Del Dairy	Gasoline Stations	43.092157	-75.196873
A Soothing Touch Laser Hair Removal	Personal Care Services	43.1128	-75.263823
Terrace Cafe	Restaurants and Other Eating Places	43.097104	-75.241004
Holy Temple of Jesus Christ	Religious Organizations	43.091084	-75.234056
Apsara Restaurant Cambodian & Thai	Restaurants and Other Eating Places	43.099396	-75.232777
Giuseppe's Bakery	Bakeries and Tortilla Manufacturing	43.097994	-75.218235
Zwe Ka Bin Hala Restaurant	Restaurants and Other Eating Places	43.094315	-75.228696
Shaheen Brothers	Shoe Stores	43.106247	-75.247517
Applebee's	Restaurants and Other Eating Places	43.12462	-75.227408
U-Haul	Automotive Equipment Rental and Leasing	43.111325	-75.262177
McDonald's	Restaurants and Other Eating Places	43.089191	-75.257147
Trackside Restaurant & Banquets	Restaurants and Other Eating Places	43.104075	-75.223132
Planet Fitness	Other Amusement and Recreation Industries	43.127545	-75.223596
SherDoHair	Personal Care Services	43.081424	-75.27226
Central Market Florist	Florists	43.086375	-75.259834
Blue Moon Emporium	Clothing Stores	43.104262	-75.239773
Soul One 12	Restaurants and Other Eating Places	43.101576	-75.230054
Asian Bodywork	Personal Care Services	43.080825	-75.273606
Johnston's Auto Body	Automotive Repair and Maintenance	43.09872	-75.224439
DoubleTree by Hilton	Traveler Accommodation	43.102515	-75.23084
Two Brother's Cafe And Pizzeria	Restaurants and Other Eating Places	43.081124	-75.21734
Cliff's Local Market	Grocery Stores	43.08057	-75.206385
Muslim Community Association Of Mohawk Valley	Religious Organizations	43.086982	-75.247155
Jenny's Diner	Restaurants and Other Eating Places	43.103773	-75.24243
A Little Bit of Love Bakery	Bakeries and Tortilla Manufacturing	43.09405	-75.203113
Redeemer Church	Religious Organizations	43.112433	-75.18702
Believers Miracle Deliverance Ministries	Religious Organizations	43.08671	-75.212823
Utica Gastronome	Grocery Stores	43.09599	-75.209526
Delta	Traveler Accommodation	43.09787	-75.237686
Starseeds Children's Clothing Store	Clothing Stores	43.093523	-75.202725
Aspen Plaza	Lessors of Real Estate	43.112427	-75.214744
Good Friend Chinese Restaurant	Restaurants and Other Eating Places	43.11392	-75.207018
Campus Inn Pizza	Restaurants and Other Eating Places	43.099342	-75.232696
Amtrak	Rail Transportation	43.104185	-75.223202
S & L Furn Co	Furniture Stores	43.097996	-75.21616
Elite Car Wash	Automotive Repair and Maintenance	43.110598	-75.253415
Living Word Fellowship Inc	Religious Organizations	43.089958	-75.232095
OConnor Park	Museums, Historical Sites, and Similar Institutions	43.085257	-75.228916
Cotrupe Produce & Sons	Grocery Stores	43.09111	-75.2062
Juliano Farms	Specialty Food Stores	43.096925	-75.146027
Nostro Restobar and Lounge	Restaurants and Other Eating Places	43.099306	-75.236187
Wingstop	Restaurants and Other Eating Places	43.107171	-75.220577
Utica Safe Schools Healthy Student Partnerships Inc	Child Day Care Services	43.079675	-75.219659
St George Orthodox Church	Religious Organizations	43.093829	-75.227676
K Music	Sporting Goods, Hobby, and Musical Instrument Stores	43.088873	-75.222127
Spano Brothers	Bakeries and Tortilla Manufacturing	43.093911	-75.200067
Lucky Mey's Market	Grocery Stores	43.088516	-75.247955
Shade Bar & Grill	Restaurants and Other Eating Places	43.101156	-75.232512
Christine's Cookie Shoppe	Other Miscellaneous Store Retailers	43.10105	-75.232546
Myly Nail Salon	Personal Care Services	43.113306	-75.205528
Ryan's Auto & Truck Service	Automotive Repair and Maintenance	43.090289	-75.215922
Acropolis Greek Restaurant	Restaurants and Other Eating Places	43.083319	-75.231656
Lady J's	Restaurants and Other Eating Places	43.099411	-75.232734
Bosnian Islamic Association of Utica	Religious Organizations	43.100497	-75.235491
Johanne's Coffee & Coin Shop	Other Miscellaneous Store Retailers	43.094128	-75.228155
Mohawk Valley Granite	Home Furnishings Stores	43.094824	-75.203294
Dollar General Center	Lessors of Real Estate	43.092379	-75.220588
Stage Music Piano Svce	Sporting Goods, Hobby, and Musical Instrument Stores	43.107735	-75.24428
Wendy's	Restaurants and Other Eating Places	43.110586	-75.218393
Pharmacy Solutions	Health and Personal Care Stores	43.088702	-75.186094
Mayflower Chinese Restaurant	Restaurants and Other Eating Places	43.113548	-75.205202
Cupolo & Son Automotive Svce	Automotive Repair and Maintenance	43.074836	-75.285465
Howe Does It Automotive	Automotive Repair and Maintenance	43.109373	-75.261458
Mvcaa Inc Calvary Head Start	Child Day Care Services	43.094871	-75.230762
Maugeri's Auto Repair	Automotive Repair and Maintenance	43.097695	-75.216854
Florentine Pastry Shop	Bakeries and Tortilla Manufacturing	43.098718	-75.218582
Utica Access Site	Museums, Historical Sites, and Similar Institutions	43.099619	-75.223946
Dave's Diner	Restaurants and Other Eating Places	43.099709	-75.152464
Hemstrought's Bakeries	Bakeries and Tortilla Manufacturing	43.09649	-75.252087
Dunkin'	Restaurants and Other Eating Places	43.105095	-75.233529
McGill's Whiskey Tavern and Grill	Restaurants and Other Eating Places	43.09825	-75.15146
Valley View Golf Course	Other Amusement and Recreation Industries	43.074527	-75.240097
Sal's Auto Repair	Automotive Repair and Maintenance	43.108568	-75.24677
Congregation Zvi Jacob	Religious Organizations	43.086612	-75.252299
Champlin Commons	Lessors of Real Estate	43.104269	-75.270082
Street Corner	Gasoline Stations	43.09918	-75.230206
Kawasaki Motors	Other Motor Vehicle Dealers	43.11224	-75.26178
Fastrac	Gasoline Stations	43.109889	-75.251099
KF Tom Yum	Restaurants and Other Eating Places	43.098657	-75.218286
Big Lots Stores	General Merchandise Stores, including Warehouse Clubs and Supercenters	43.11336	-75.205494
Tavolo	Restaurants and Other Eating Places	43.109155	-75.220199
One Caring Place Plus	Home Health Care Services	43.089772	-75.212555
Cars4Charities	Automobile Dealers	43.098383	-75.237933
Asim Automotive	Automotive Repair and Maintenance	43.094899	-75.215702
Presbytery of Utica	Religious Organizations	43.0914	-75.250245
Rocky's	Restaurants and Other Eating Places	43.128549	-75.227321
Twin Cities Collision	Automotive Repair and Maintenance	43.102154	-75.220108
Aquavino Restaurant & Catering	Restaurants and Other Eating Places	43.111267	-75.214996
Piano Lab	Sporting Goods, Hobby, and Musical Instrument Stores	43.126361	-75.236315
Evelyn's House	Clothing Stores	43.083934	-75.269898
Delmonico's Italian Steakhouse	Restaurants and Other Eating Places	43.109335	-75.219693
Children's Museum Of Natural History	Museums, Historical Sites, and Similar Institutions	43.104221	-75.224109
Utica Roof Pros	Automotive Repair and Maintenance	43.123446	-75.208466
Mvcaa Inc Mlk Head Start	Child Day Care Services	43.091303	-75.235219
DTR/VILLA	Clothing Stores	43.091833	-75.222367
Utica Bowls	Grocery Stores	43.100576	-75.233303
Utica Rehabilitation & Nursing Center	Nursing Care Facilities (Skilled Nursing Facilities)	43.079457	-75.274179
CNYFW Central New York Fashion Week	Clothing Stores	43.098264	-75.208154
Advanced Automotive Sales	Automobile Dealers	43.091837	-75.195913
1 First Evolution Nutrition Club	Health and Personal Care Stores	43.092336	-75.214798
Willie's Bagel Cafe	Restaurants and Other Eating Places	43.112851	-75.21553
Rainbow Shops	Clothing Stores	43.090886	-75.223831
Price Chopper New England	Grocery Stores	43.086522	-75.259929
D & D Auto Body	Automotive Repair and Maintenance	43.09259	-75.215708
Pie Squared Utica	Restaurants and Other Eating Places	43.095822	-75.249767
St Peter's Catholic Church	Religious Organizations	43.117487	-75.209451
Santos Auto Repair	Automotive Repair and Maintenance	43.098365	-75.228617
Taco Bell	Restaurants and Other Eating Places	43.108135	-75.2197
Temple Beth El	Religious Organizations	43.076734	-75.282006
Royal Imports	Restaurants and Other Eating Places	43.084207	-75.208514
Our Saviour Lutheran Church	Religious Organizations	43.0899	-75.25568
Sabor Latino Restaurant	Restaurants and Other Eating Places	43.085742	-75.237954
Pulaski Meat Mkt	Specialty Food Stores	43.100288	-75.251585
Stewart's Shops	Grocery Stores	43.100565	-75.239189
Nichol Street Auto	Automotive Repair and Maintenance	43.092782	-75.210763
Razor's Edge Hair Cutting	Personal Care Services	43.081701	-75.269854
Utica Dental Laboratory	Health and Personal Care Stores	43.097905	-75.239271
Rosario's Pizzeria East Utica	Restaurants and Other Eating Places	43.081138	-75.206374
Aiello's Automotive	Automotive Repair and Maintenance	43.087465	-75.223049
Star Bakery	Bakeries and Tortilla Manufacturing	43.095521	-75.203745
Meraki Nails By Angela	Personal Care Services	43.102538	-75.221507
Urbanik's Paint & Wallpaper	Building Material and Supplies Dealers	43.110247	-75.251924
Utica Foursquare Church	Religious Organizations	43.096161	-75.248663
Arlott Duplicator Supply	Office Supplies, Stationery, and Gift Stores	43.098904	-75.231511
Nelsons Detail Services	Automotive Repair and Maintenance	43.112994	-75.188868
Parkway Pizza	Restaurants and Other Eating Places	43.081269	-75.205705
Empire City	Restaurants and Other Eating Places	43.103376	-75.24686
The Unlimited Salon	Personal Care Services	43.117832	-75.209343
Bethany Presbyterian Church	Religious Organizations	43.093794	-75.214994
Urbaniks Paint & Wallpaper Co	Building Material and Supplies Dealers	43.104119	-75.2384
The Neighborhood Center Inc	Child Day Care Services	43.09732	-75.220509
Utica General Peterbilt North Utica	Automobile Dealers	43.133913	-75.219637
Babe's Macaroni Grill & Bar	Restaurants and Other Eating Places	43.106889	-75.220948
Roma Sausage	Grocery Stores	43.090936	-75.193887
Thea Bowman House Inc	Child Day Care Services	43.105195	-75.241306
Critical Imaging LLC	General Medical and Surgical Hospitals	43.085001	-75.288877
Lionest Fashion & Care	Clothing Stores	43.09353	-75.214265
Geisha II	Restaurants and Other Eating Places	43.099384	-75.232764
Grace Church Parish Ofc	Religious Organizations	43.100791	-75.231169
Hair East	Personal Care Services	43.086897	-75.219386
Henry's Auto Sales	Automotive Repair and Maintenance	43.10755	-75.243778
Southern BBQ Caterin Affair	Restaurants and Other Eating Places	43.074853	-75.285501
Home2 Suites	Traveler Accommodation	43.108821	-75.220503
Mikey Thomas	Personal Care Services	43.101817	-75.229698
Faxton St Luke's Healtchcare	General Medical and Surgical Hospitals	43.09675	-75.276135
Precision Stereo Repair	Electronics and Appliance Stores	43.175356	-75.202188
Red Roof Inn	Traveler Accommodation	43.11378	-75.216939
Rosato's Pizzeria & Bakery	Restaurants and Other Eating Places	43.109374	-75.268032
Lily's Party Store	Office Supplies, Stationery, and Gift Stores	43.096439	-75.241798
Thuy Cafe	Restaurants and Other Eating Places	43.098857	-75.218988
Laura's Cafe	Restaurants and Other Eating Places	43.089023	-75.222661
Kunkel Ambulance Service	Other Ambulatory Health Care Services	43.101529	-75.223578
Hummus & Tabbouleh	Restaurants and Other Eating Places	43.098687	-75.218266
CleanBox Porta Potty Rental	Automotive Equipment Rental and Leasing	43.088923	-75.238708
Utica Safe Schools Healthy Student Partnerships Inc	Child Day Care Services	43.118688	-75.196998
Mvhs Rehabilitation And Nursing Center	Nursing Care Facilities (Skilled Nursing Facilities)	43.098112	-75.278963
Sunoco	Gasoline Stations	43.115634	-75.209329
Valley Transmission Svce	Automotive Repair and Maintenance	43.102091	-75.222804
Bueno Deals	Furniture Stores	43.09839	-75.218949
The Pines At Utica Center For Nursing And Rehab	Nursing Care Facilities (Skilled Nursing Facilities)	43.08676	-75.254792
Winstons Automobile	Automotive Repair and Maintenance	43.093143	-75.229676
Hair by Lisa calhoun	Personal Care Services	43.10266	-75.23023
A To Z Auto	Automotive Repair and Maintenance	43.10829	-75.248071
Desserts Beyond the Ordinary	Bakeries and Tortilla Manufacturing	43.099584	-75.233084
West Schuyler United Methodist Church	Religious Organizations	43.111052	-75.150453
Dick's Auto Sales	Automotive Repair and Maintenance	43.092182	-75.209886
Easy Pass	Grocery Stores	43.092335	-75.230747
East Side Diner	Restaurants and Other Eating Places	43.094345	-75.228714
J's Auto	Automotive Repair and Maintenance	43.108588	-75.250378
St Georges Roman Catholic Church	Religious Organizations	43.104994	-75.241626
Fabulous Mini Mart	Grocery Stores	43.094101	-75.248593
La Bella Toni Massage Therapist	Personal Care Services	43.084237	-75.265311
Speciale Fireworks	Miscellaneous Durable Goods Merchant Wholesalers	43.102564	-75.161052
Delta Hotels	Traveler Accommodation	43.101243	-75.232326
Clips	Personal Care Services	43.087315	-75.258982
Pharmacy	Health and Personal Care Stores	43.086622	-75.260113
Commerical Woodengoods	Furniture Stores	43.107644	-75.231641
Edward J Hirt Playground	Other Amusement and Recreation Industries	43.101309	-75.245982
Irwin's Fine Food	Restaurants and Other Eating Places	43.100491	-75.233526
Freeman's Barber Shop	Personal Care Services	43.103963	-75.231088
Massouds Cafe	Restaurants and Other Eating Places	43.09985	-75.233208
Byrne Dairy	Specialty Food Stores	43.115766	-75.209737
Daniele 's	Restaurants and Other Eating Places	43.081987	-75.228926
Dunkin'	Restaurants and Other Eating Places	43.090265	-75.22185
Harry's Brake Service & General Repair	Automotive Repair and Maintenance	43.110205	-75.262786
Maria's Pasta Shop	Grocery Stores	43.0743	-75.267718
Rosemont Inn	Traveler Accommodation	43.093978	-75.245628
Joe's Restaurant	Restaurants and Other Eating Places	43.09672	-75.208919
Days Inn	Traveler Accommodation	43.108982	-75.218336
Good Vibes Cafe &amp Lounge	Restaurants and Other Eating Places	43.096491	-75.212885
Maye's Salon of Beauty Multi Cultural for Entire Family	Personal Care Services	43.091181	-75.252916
Greater Grace Church Of Utica	Religious Organizations	43.105805	-75.264815
Puro	Restaurants and Other Eating Places	43.094393	-75.22029
Come into Jamaican Restaurants	Restaurants and Other Eating Places	43.093669	-75.23651
Dunkin'	Restaurants and Other Eating Places	43.107084	-75.244384
Wat Satheathek Uticaram	Religious Organizations	43.088463	-75.240921
Cortese Eyecare	Health and Personal Care Stores	43.080259	-75.273265
Caliber Collision	Automotive Repair and Maintenance	43.096855	-75.251588
Old School Bar & Grill	Restaurants and Other Eating Places	43.090254	-75.198745
F M Collision	Automotive Repair and Maintenance	43.089656	-75.211788
L & D Automotive	Automotive Repair and Maintenance	43.109494	-75.250083
Smith Packing Regional Meat	Specialty Food Stores	43.104579	-75.229753
Fastrac Markets	Gasoline Stations	43.109853	-75.250972
Tiger Lily Quilt	Sporting Goods, Hobby, and Musical Instrument Stores	43.102724	-75.24451
Tattoo U Studio	Personal Care Services	43.098821	-75.218809
Good News Foundation	Religious Organizations	43.127008	-75.193046
Genesee Street Children's Center	Child Day Care Services	43.077165	-75.278671
St Pauls Baptist Church	Religious Organizations	43.092339	-75.234501
Woodland Farm Brewery	Beverage Manufacturing	43.151135	-75.212037
Five Point Tv	Electronics and Appliance Stores	43.088689	-75.211811
Mount Zion Ministries Church Inc	Religious Organizations	43.112429	-75.187036
Character Coffee	Restaurants and Other Eating Places	43.101568	-75.230033
The Celtic Harp Restaurant and Pub	Restaurants and Other Eating Places	43.103224	-75.243848
Ridgewood Market & Deli	Grocery Stores	43.074403	-75.267615
Johnson Park	Museums, Historical Sites, and Similar Institutions	43.091722	-75.236732
Little Caesars	Restaurants and Other Eating Places	43.091874	-75.222361
Varick Bar & Grill	Restaurants and Other Eating Places	43.104349	-75.241851
What The Truck	Restaurants and Other Eating Places	43.109565	-75.212797
Donna Marie's Bridal Shoppe	Clothing Stores	43.082178	-75.228768
Red Raven Tattoo and Piercing	Personal Care Services	43.101702	-75.229779
Tony's Italian Bakery Deli & Pizza	Bakeries and Tortilla Manufacturing	43.09218	-75.196811
Ambassador Restaurant	Restaurants and Other Eating Places	43.096851	-75.21638
Zeina's Cafe	Restaurants and Other Eating Places	43.104096	-75.241499
So Sweet Candy Cafe	Specialty Food Stores	43.104471	-75.240537
City Sweets Bakery	Bakeries and Tortilla Manufacturing	43.10329	-75.223462
315 Bar BQ & Brew	Restaurants and Other Eating Places	43.098882	-75.253384
Believers Miracle Deliverance Ministries	Religious Organizations	43.094026	-75.23387
Karl's Mkt	Grocery Stores	43.096414	-75.2493
Family'grocery	Grocery Stores	43.096159	-75.21005
Schultz Autoworks	Automotive Repair and Maintenance	43.095429	-75.25511
Lm Hair Salon	Personal Care Services	43.09075	-75.21568
Hannaford Supermarkets	Grocery Stores	43.090332	-75.224636
YWCA	Other Amusement and Recreation Industries	43.099546	-75.237843
Bella Vita Salon & Massage Therapy	Personal Care Services	43.117089	-75.211465
Metro by T Mobile Authorized Dealer	Electronics and Appliance Stores	43.095591	-75.24222
Adirondack Bank Center	Spectator Sports	43.105141	-75.233183
Hometown Bait & Tackle	Sporting Goods, Hobby, and Musical Instrument Stores	43.126073	-75.236032
North Utica Shopping Center	Lessors of Real Estate	43.114169	-75.208302
The Willows	Restaurants and Other Eating Places	43.088105	-75.200146
72 Tavern & Grill	Restaurants and Other Eating Places	43.105246	-75.234006
Ziebart	Automotive Repair and Maintenance	43.110205	-75.252526
Caruso's Pastry Shoppe	Bakeries and Tortilla Manufacturing	43.098318	-75.217441
Mohawk Valley Community Action Agency Incorporated Head S	Sporting Goods, Hobby, and Musical Instrument Stores	43.096631	-75.219957
The Broken Egg	Restaurants and Other Eating Places	43.099041	-75.231404
The Pizza Box	Restaurants and Other Eating Places	43.090141	-75.213379
The Balkan	Bakeries and Tortilla Manufacturing	43.086517	-75.261889
Bossone's Sausage & Meat	Specialty Food Stores	43.098288	-75.217298
AAA Welch's Bicycle & Ski Shop	Sporting Goods, Hobby, and Musical Instrument Stores	43.106615	-75.247677
Motus	Restaurants and Other Eating Places	43.100584	-75.233417
Affordable Mattress & Furniture	Furniture Stores	43.099286	-75.247113
Stathis Greek Restaurant	Restaurants and Other Eating Places	43.087711	-75.259578
Fastrac	Gasoline Stations	43.110306	-75.180132
Lighthouse Baptist Church	Religious Organizations	43.09434	-75.212498
Ocean Blue Restaurant & Oyster Bar	Restaurants and Other Eating Places	43.101767	-75.231625
K&K Dance Wear	Clothing Stores	43.117085	-75.211426
Lava Spa	Personal Care Services	43.076307	-75.28081
Lichtmans Wine & Liquor	Beer, Wine, and Liquor Stores	43.114241	-75.208665
Stewart's Shops	Grocery Stores	43.081741	-75.205262
The Neighborhood Center Inc	Child Day Care Services	43.097771	-75.220797
Joey's Restaurant	Restaurants and Other Eating Places	43.099535	-75.216785
Grill 155	Restaurants and Other Eating Places	43.077617	-75.219451
Johnni's Automotive	Automotive Repair and Maintenance	43.096172	-75.204791
2m Auto Repair	Automotive Repair and Maintenance	43.092637	-75.224439
Ancora	Restaurants and Other Eating Places	43.098868	-75.235275
Masonic Care Community Of New York	Nursing Care Facilities (Skilled Nursing Facilities)	43.088342	-75.191147
Cliff's Local Market	Grocery Stores	43.11635	-75.211545
Zaro Bosnian Restaurant	Restaurants and Other Eating Places	43.089047	-75.222659
Subway	Restaurants and Other Eating Places	43.110083	-75.217619
Smoke &amp Vapor	Other Miscellaneous Store Retailers	43.12857	-75.224532
Utica Karen Baptist Church	Religious Organizations	43.100773	-75.234078
Empire Furniture Co	Furniture Stores	43.098001	-75.21615
Moriah Olivet United Presbyterian Church	Religious Organizations	43.100786	-75.234107
Chanantry Plaza	Lessors of Real Estate	43.085119	-75.281791
Bite Bakery & Cafe	Restaurants and Other Eating Places	43.102503	-75.229791
Northern Lights Docks	Electronics and Appliance Stores	43.100165	-75.156004
Addison Miller Park	Museums, Historical Sites, and Similar Institutions	43.094936	-75.261168
Family Dollar Stores	General Merchandise Stores, including Warehouse Clubs and Supercenters	43.080447	-75.207216
Tony's Barber Shop	Personal Care Services	43.106384	-75.246088
Fastrac	Gasoline Stations	43.115915	-75.210361
Baker Greenhouses	Florists	43.112413	-75.18335
Nicky Doodles	Restaurants and Other Eating Places	43.10705	-75.222781
Tonys Pizzeria	Restaurants and Other Eating Places	43.109852	-75.262044
SUNY Polytechnic Institute	Other Amusement and Recreation Industries	43.135523	-75.230096
The Lotus Garden	Restaurants and Other Eating Places	43.098237	-75.235238
Fort Schuyler Club House	Restaurants and Other Eating Places	43.099922	-75.23481
Trattoria Calabria	Restaurants and Other Eating Places	43.089637	-75.198717
SmartStyle Family Hair Salons	Personal Care Services	43.128561	-75.227329
McQuade & Bannigan	Building Material and Supplies Dealers	43.098622	-75.250396
Whitesboro Frame & Body	Automotive Repair and Maintenance	43.096854	-75.251563
Clemente Novelties	Sporting Goods, Hobby, and Musical Instrument Stores	43.102661	-75.233629
Chester's Flower Shop & Greenhouses	Florists	43.102351	-75.254201
Stevens Swan Humane Society	Other Miscellaneous Store Retailers	43.135529	-75.218615
Comeskey Vintage & Classic Cars	Automobile Dealers	43.096042	-75.247383
Lincoln Playground	Other Amusement and Recreation Industries	43.094112	-75.252984
Wanna Play Cafe	Restaurants and Other Eating Places	43.115758	-75.21005
Thea Bowman House Inc	Child Day Care Services	43.096837	-75.239769
Sharon's	Personal Care Services	43.088885	-75.261903
Tariks Bakery and Coffee Shop	Restaurants and Other Eating Places	43.100037	-75.233263
Little Italy Imports	Office Supplies, Stationery, and Gift Stores	43.089186	-75.221034
Arcuri's Pizza	Restaurants and Other Eating Places	43.092078	-75.221126
Upstate Painting	Automotive Repair and Maintenance	43.089938	-75.265094
Cornerstone Community Church	Religious Organizations	43.096689	-75.242396
Grimaldi Auto Sales	Automobile Dealers	43.093178	-75.260739
North Utica Park	Museums, Historical Sites, and Similar Institutions	43.115127	-75.170681
Joel's Spanish Food	Restaurants and Other Eating Places	43.09574	-75.241848
Oneida County Farmers Market	Specialty Food Stores	43.104186	-75.222516
Vietnamese Buddhist Congregation Of New York Inc	Religious Organizations	43.097332	-75.215366
Mvcaa Inc Cornerstone Head Start	Child Day Care Services	43.095381	-75.232691
DEA Building Supplies	Building Material and Supplies Dealers	43.098024	-75.206859
Sacred Space	Other Amusement and Recreation Industries	43.098266	-75.20815
McDonald's	Restaurants and Other Eating Places	43.091022	-75.222295
Fairfield Inn & Suites by Marriott	Traveler Accommodation	43.107491	-75.222421
Avico Distributing	Grocery Stores	43.100289	-75.214292
Dollar General	General Merchandise Stores, including Warehouse Clubs and Supercenters	43.103675	-75.162359
Dollar Tree	General Merchandise Stores, including Warehouse Clubs and Supercenters	43.091485	-75.22309
Family Dollar Stores	General Merchandise Stores, including Warehouse Clubs and Supercenters	43.087813	-75.257664
Mojos cafe	Restaurants and Other Eating Places	43.080489	-75.207149
Quality Auto Sales	Automobile Dealers	43.109188	-75.260736
Field of Dreams Sports Complex	Other Amusement and Recreation Industries	43.096266	-75.14189
Come Into Jamaica	Restaurants and Other Eating Places	43.093688	-75.236489
Sakura	Restaurants and Other Eating Places	43.089613	-75.222026
Habitat for Humanity ReStore	Used Merchandise Stores	43.085601	-75.279833
DDS Motor Sports	Other Motor Vehicle Dealers	43.112243	-75.261775
Easy Auto Glass	Automotive Repair and Maintenance	43.099666	-75.247041
Ultimate Auto Sales and Repair	Automobile Dealers	43.101688	-75.220893
Clifford Fuel	Grocery Stores	43.106688	-75.215805
Alan Byer Foreign Auto	Automotive Repair and Maintenance	43.132446	-75.221037
Dollar Tree	General Merchandise Stores, including Warehouse Clubs and Supercenters	43.114286	-75.209198
Hair Reflexion Beauty Salon	Personal Care Services	43.092054	-75.206543
Bernard's Boxing Academy	Other Amusement and Recreation Industries	43.10218	-75.243285
Chanatry's Supermarkets	Grocery Stores	43.084691	-75.282256
Roso's Cafe	Restaurants and Other Eating Places	43.101476	-75.230601
Kirkpatrick Daniel OD	Health and Personal Care Stores	43.097617	-75.237929
Tiny's Grill	Restaurants and Other Eating Places	43.099995	-75.240431
Raspberries Cafe of Utica	Restaurants and Other Eating Places	43.077542	-75.280001
Towpath Vision Care	Health and Personal Care Stores	43.081968	-75.271209
Tribute to Heritage Tattoo Parlor	Personal Care Services	43.077157	-75.280723
Nimey's The New Generation	Automotive Repair and Maintenance	43.093718	-75.193279
Schuyler Antiques	Used Merchandise Stores	43.098602	-75.151171
Longo's Auto Services	Automotive Repair and Maintenance	43.104353	-75.249171
City Liquors	Beer, Wine, and Liquor Stores	43.086637	-75.257991
Fastrac	Gasoline Stations	43.087165	-75.250342
Mohawk Valley Community Action Inc	Child Day Care Services	43.082656	-75.263017
F T Proctor Park	Museums, Historical Sites, and Similar Institutions	43.087836	-75.196258
Hair Reflections	Personal Care Services	43.092035	-75.206552
El Barajo Restaurant	Restaurants and Other Eating Places	43.098192	-75.218114
Street Corner	Gasoline Stations	43.101667	-75.229903
Denny's	Restaurants and Other Eating Places	43.109858	-75.217886
Dr Uniforms	Clothing Stores	43.108914	-75.250256
Hawaiian Holiday Tanning Salon	Personal Care Services	43.089813	-75.212051
Dick Smith's Tavern	Restaurants and Other Eating Places	43.098302	-75.251464
Morning Star Christian Merchandiser	Clothing Stores	43.102983	-75.241616
Hess	Gasoline Stations	43.077099	-75.279821
Union Station Barber Shop	Personal Care Services	43.104079	-75.224065
Genesee Nails	Personal Care Services	43.100075	-75.233452
Cellular Sales	Electronics and Appliance Stores	43.126604	-75.2262
Mohawk Valley Winery	Beverage Manufacturing	43.103833	-75.243245
Burrito Jonz	Restaurants and Other Eating Places	43.08509	-75.28036
Santisukha Vihara	Religious Organizations	43.096535	-75.231135
Salvation Army Thrift Store	Used Merchandise Stores	43.103492	-75.235627
The Pizza Box	Restaurants and Other Eating Places	43.090141	-75.213379
The Balkan	Bakeries and Tortilla Manufacturing	43.086517	-75.261889
Bossone's Sausage & Meat	Specialty Food Stores	43.098288	-75.217298
AAA Welch's Bicycle & Ski Shop	Sporting Goods, Hobby, and Musical Instrument Stores	43.106615	-75.247677
Motus	Restaurants and Other Eating Places	43.100584	-75.233417
Affordable Mattress & Furniture	Furniture Stores	43.099286	-75.247113
Stathis Greek Restaurant	Restaurants and Other Eating Places	43.087711	-75.259578
Fastrac	Gasoline Stations	43.110306	-75.180132
Lighthouse Baptist Church	Religious Organizations	43.09434	-75.212498
Ocean Blue Restaurant & Oyster Bar	Restaurants and Other Eating Places	43.101767	-75.231625
K&K Dance Wear	Clothing Stores	43.117085	-75.211426
Lava Spa	Personal Care Services	43.076307	-75.28081
Lichtmans Wine & Liquor	Beer, Wine, and Liquor Stores	43.114241	-75.208665
Stewart's Shops	Grocery Stores	43.081741	-75.205262
The Neighborhood Center Inc	Child Day Care Services	43.097771	-75.220797
Joey's Restaurant	Restaurants and Other Eating Places	43.099535	-75.216785
Grill 155	Restaurants and Other Eating Places	43.077617	-75.219451
Johnni's Automotive	Automotive Repair and Maintenance	43.096172	-75.204791
2m Auto Repair	Automotive Repair and Maintenance	43.092637	-75.224439
Ancora	Restaurants and Other Eating Places	43.098868	-75.235275
Masonic Care Community Of New York	Nursing Care Facilities (Skilled Nursing Facilities)	43.088342	-75.191147
Cliff's Local Market	Grocery Stores	43.11635	-75.211545
Zaro Bosnian Restaurant	Restaurants and Other Eating Places	43.089047	-75.222659
Subway	Restaurants and Other Eating Places	43.110083	-75.217619
Smoke &amp Vapor	Other Miscellaneous Store Retailers	43.12857	-75.224532
Utica Karen Baptist Church	Religious Organizations	43.100773	-75.234078
Empire Furniture Co	Furniture Stores	43.098001	-75.21615
Moriah Olivet United Presbyterian Church	Religious Organizations	43.100786	-75.234107
Chanantry Plaza	Lessors of Real Estate	43.085119	-75.281791
Bite Bakery & Cafe	Restaurants and Other Eating Places	43.102503	-75.229791
Northern Lights Docks	Electronics and Appliance Stores	43.100165	-75.156004
Addison Miller Park	Museums, Historical Sites, and Similar Institutions	43.094936	-75.261168
Family Dollar Stores	General Merchandise Stores, including Warehouse Clubs and Supercenters	43.080447	-75.207216
Tony's Barber Shop	Personal Care Services	43.106384	-75.246088
Fastrac	Gasoline Stations	43.115915	-75.210361
Baker Greenhouses	Florists	43.112413	-75.18335
Nicky Doodles	Restaurants and Other Eating Places	43.10705	-75.222781
Tonys Pizzeria	Restaurants and Other Eating Places	43.109852	-75.262044
SUNY Polytechnic Institute	Other Amusement and Recreation Industries	43.135523	-75.230096
The Lotus Garden	Restaurants and Other Eating Places	43.098237	-75.235238
Fort Schuyler Club House	Restaurants and Other Eating Places	43.099922	-75.23481
Trattoria Calabria	Restaurants and Other Eating Places	43.089637	-75.198717
SmartStyle Family Hair Salons	Personal Care Services	43.128561	-75.227329
McQuade & Bannigan	Building Material and Supplies Dealers	43.098622	-75.250396
Whitesboro Frame & Body	Automotive Repair and Maintenance	43.096854	-75.251563
Clemente Novelties	Sporting Goods, Hobby, and Musical Instrument Stores	43.102661	-75.233629
Chester's Flower Shop & Greenhouses	Florists	43.102351	-75.254201
Stevens Swan Humane Society	Other Miscellaneous Store Retailers	43.135529	-75.218615
Comeskey Vintage & Classic Cars	Automobile Dealers	43.096042	-75.247383
Lincoln Playground	Other Amusement and Recreation Industries	43.094112	-75.252984
Wanna Play Cafe	Restaurants and Other Eating Places	43.115758	-75.21005
Thea Bowman House Inc	Child Day Care Services	43.096837	-75.239769
Sharon's	Personal Care Services	43.088885	-75.261903
Tariks Bakery and Coffee Shop	Restaurants and Other Eating Places	43.100037	-75.233263
Little Italy Imports	Office Supplies, Stationery, and Gift Stores	43.089186	-75.221034
Arcuri's Pizza	Restaurants and Other Eating Places	43.092078	-75.221126
Upstate Painting	Automotive Repair and Maintenance	43.089938	-75.265094
Cornerstone Community Church	Religious Organizations	43.096689	-75.242396
Grimaldi Auto Sales	Automobile Dealers	43.093178	-75.260739
North Utica Park	Museums, Historical Sites, and Similar Institutions	43.115127	-75.170681
Joel's Spanish Food	Restaurants and Other Eating Places	43.09574	-75.241848
Oneida County Farmers Market	Specialty Food Stores	43.104186	-75.222516
Vietnamese Buddhist Congregation Of New York Inc	Religious Organizations	43.097332	-75.215366
Mvcaa Inc Cornerstone Head Start	Child Day Care Services	43.095381	-75.232691
DEA Building Supplies	Building Material and Supplies Dealers	43.098024	-75.206859
Sacred Space	Other Amusement and Recreation Industries	43.098266	-75.20815
McDonald's	Restaurants and Other Eating Places	43.091022	-75.222295
Fairfield Inn & Suites by Marriott	Traveler Accommodation	43.107491	-75.222421
Avico Distributing	Grocery Stores	43.100289	-75.214292
Dollar General	General Merchandise Stores, including Warehouse Clubs and Supercenters	43.103675	-75.162359
Dollar Tree	General Merchandise Stores, including Warehouse Clubs and Supercenters	43.091485	-75.22309
Family Dollar Stores	General Merchandise Stores, including Warehouse Clubs and Supercenters	43.087813	-75.257664
Mojos cafe	Restaurants and Other Eating Places	43.080489	-75.207149
Quality Auto Sales	Automobile Dealers	43.109188	-75.260736
Field of Dreams Sports Complex	Other Amusement and Recreation Industries	43.096266	-75.14189
Come Into Jamaica	Restaurants and Other Eating Places	43.093688	-75.236489
Sakura	Restaurants and Other Eating Places	43.089613	-75.222026
Habitat for Humanity ReStore	Used Merchandise Stores	43.085601	-75.279833
DDS Motor Sports	Other Motor Vehicle Dealers	43.112243	-75.261775
Easy Auto Glass	Automotive Repair and Maintenance	43.099666	-75.247041
Ultimate Auto Sales and Repair	Automobile Dealers	43.101688	-75.220893
Clifford Fuel	Grocery Stores	43.106688	-75.215805
Alan Byer Foreign Auto	Automotive Repair and Maintenance	43.132446	-75.221037
Dollar Tree	General Merchandise Stores, including Warehouse Clubs and Supercenters	43.114286	-75.209198
Hair Reflexion Beauty Salon	Personal Care Services	43.092054	-75.206543
Bernard's Boxing Academy	Other Amusement and Recreation Industries	43.10218	-75.243285
Chanatry's Supermarkets	Grocery Stores	43.084691	-75.282256
Roso's Cafe	Restaurants and Other Eating Places	43.101476	-75.230601
Kirkpatrick Daniel OD	Health and Personal Care Stores	43.097617	-75.237929
Tiny's Grill	Restaurants and Other Eating Places	43.099995	-75.240431
Raspberries Cafe of Utica	Restaurants and Other Eating Places	43.077542	-75.280001
Towpath Vision Care	Health and Personal Care Stores	43.081968	-75.271209
Tribute to Heritage Tattoo Parlor	Personal Care Services	43.077157	-75.280723
Nimey's The New Generation	Automotive Repair and Maintenance	43.093718	-75.193279
Schuyler Antiques	Used Merchandise Stores	43.098602	-75.151171
Longo's Auto Services	Automotive Repair and Maintenance	43.104353	-75.249171
City Liquors	Beer, Wine, and Liquor Stores	43.086637	-75.257991
Fastrac	Gasoline Stations	43.087165	-75.250342
Mohawk Valley Community Action Inc	Child Day Care Services	43.082656	-75.263017
F T Proctor Park	Museums, Historical Sites, and Similar Institutions	43.087836	-75.196258
Hair Reflections	Personal Care Services	43.092035	-75.206552
El Barajo Restaurant	Restaurants and Other Eating Places	43.098192	-75.218114
Street Corner	Gasoline Stations	43.101667	-75.229903
Denny's	Restaurants and Other Eating Places	43.109858	-75.217886
Dr Uniforms	Clothing Stores	43.108914	-75.250256
Hawaiian Holiday Tanning Salon	Personal Care Services	43.089813	-75.212051
Dick Smith's Tavern	Restaurants and Other Eating Places	43.098302	-75.251464
Morning Star Christian Merchandiser	Clothing Stores	43.102983	-75.241616
Hess	Gasoline Stations	43.077099	-75.279821
Union Station Barber Shop	Personal Care Services	43.104079	-75.224065
Genesee Nails	Personal Care Services	43.100075	-75.233452
Cellular Sales	Electronics and Appliance Stores	43.126604	-75.2262
Mohawk Valley Winery	Beverage Manufacturing	43.103833	-75.243245
Burrito Jonz	Restaurants and Other Eating Places	43.08509	-75.28036
Santisukha Vihara	Religious Organizations	43.096535	-75.231135
Salvation Army Thrift Store	Used Merchandise Stores	43.103492	-75.235627
